{"cameraMode":{"drawMode":0,"name":"Shaded","section":"Shading Mode"},"sceneLighting":false,"audioPlay":false,"sceneViewState":{"showFog":true,"showMaterialUpdate":false,"showSkybox":true,"showFlares":true,"showImageEffects":true,"showParticleSystems":true},"in2DMode":false,"pivot":{"x":-0.10459159314632416,"y":-0.059389133006334308,"z":-0.17248868942260743},"rotation":{"x":-0.00011162566806888208,"y":0.9997711777687073,"z":-0.005397132132202387,"w":-0.02070184238255024},"size":4.047638416290283,"orthographic":false}