{"cameraMode":{"drawMode":0,"name":"Shaded","section":"Shading Mode"},"sceneLighting":false,"audioPlay":false,"sceneViewState":{"showFog":true,"showMaterialUpdate":false,"showSkybox":true,"showFlares":true,"showImageEffects":true,"showParticleSystems":true},"in2DMode":false,"pivot":{"x":39.41204071044922,"y":10.429466247558594,"z":-60.578399658203128},"rotation":{"x":-0.3248765468597412,"y":-0.6206788420677185,"z":0.31489405035972597,"w":-0.6403552293777466},"size":11.755396842956543,"orthographic":false}