{"cameraMode":{"drawMode":0,"name":"Shaded","section":"Shading Mode"},"sceneLighting":false,"audioPlay":false,"sceneViewState":{"showFog":true,"showMaterialUpdate":false,"showSkybox":true,"showFlares":true,"showImageEffects":true,"showParticleSystems":true},"in2DMode":false,"pivot":{"x":151.404052734375,"y":-254.7896728515625,"z":65.90449523925781},"rotation":{"x":0.006120708771049976,"y":-0.9937431812286377,"z":0.07017528265714646,"w":0.08667443692684174},"size":37.60661697387695,"orthographic":false}