{"cameraMode":{"drawMode":0,"name":"Shaded","section":"Shading Mode"},"sceneLighting":true,"audioPlay":false,"sceneViewState":{"showFog":true,"showMaterialUpdate":true,"showSkybox":true,"showFlares":true,"showImageEffects":true,"showParticleSystems":true},"in2DMode":false,"pivot":{"x":17.85418701171875,"y":33.45348358154297,"z":-38.12220001220703},"rotation":{"x":0.31479424238204958,"y":-0.6126043200492859,"z":0.2902752161026001,"w":0.6643499135971069},"size":150.57864379882813,"orthographic":false}