{"cameraMode":{"drawMode":0,"name":"Shaded","section":"Shading Mode"},"sceneLighting":true,"audioPlay":false,"sceneViewState":{"showFog":true,"showMaterialUpdate":true,"showSkybox":true,"showFlares":true,"showImageEffects":true,"showParticleSystems":true},"in2DMode":false,"pivot":{"x":-0.8517951965332031,"y":19.668235778808595,"z":-155.234130859375},"rotation":{"x":-0.2360680103302002,"y":-0.4699817895889282,"z":0.1320478767156601,"w":-0.8402097225189209},"size":72.0703353881836,"orthographic":false}