{"cameraMode":{"drawMode":0,"name":"Shaded","section":"Shading Mode"},"sceneLighting":false,"audioPlay":false,"sceneViewState":{"showFog":true,"showMaterialUpdate":true,"showSkybox":true,"showFlares":true,"showImageEffects":true,"showParticleSystems":true},"in2DMode":false,"pivot":{"x":0.0,"y":1.0380315780639649,"z":1.0185247659683228},"rotation":{"x":-0.3507806360721588,"y":-0.5182818174362183,"z":0.24558426439762116,"w":-0.7402873039245606},"size":8.255870819091797,"orthographic":false}