{"cameraMode":{"drawMode":0,"name":"Shaded","section":"Shading Mode"},"sceneLighting":true,"audioPlay":false,"sceneViewState":{"showFog":true,"showMaterialUpdate":true,"showSkybox":true,"showFlares":true,"showImageEffects":true,"showParticleSystems":true},"in2DMode":false,"pivot":{"x":29.66541290283203,"y":112.49137878417969,"z":-97.72151184082031},"rotation":{"x":0.5332766175270081,"y":0.23259785771369935,"z":-0.15536823868751527,"w":0.7983577251434326},"size":477.38848876953127,"orthographic":false}