{"cameraMode":{"drawMode":0,"name":"Shaded","section":"Shading Mode"},"sceneLighting":false,"audioPlay":false,"sceneViewState":{"showFog":true,"showMaterialUpdate":true,"showSkybox":true,"showFlares":true,"showImageEffects":true,"showParticleSystems":true},"in2DMode":false,"pivot":{"x":12.179295539855957,"y":-0.7814493179321289,"z":68.65621948242188},"rotation":{"x":0.09092334657907486,"y":0.9090755581855774,"z":-0.2880987524986267,"w":0.2869037687778473},"size":22.597444534301759,"orthographic":false}