{"cameraMode":{"drawMode":0,"name":"Shaded","section":"Shading Mode"},"sceneLighting":true,"audioPlay":false,"sceneViewState":{"showFog":true,"showMaterialUpdate":true,"showSkybox":true,"showFlares":true,"showImageEffects":true,"showParticleSystems":true},"in2DMode":false,"pivot":{"x":43.53059387207031,"y":10.370494842529297,"z":-66.34093475341797},"rotation":{"x":-0.024746976792812349,"y":-0.7144654393196106,"z":0.025303076952695848,"w":-0.6987749934196472},"size":9.26916217803955,"orthographic":false}