{"cameraMode":{"drawMode":0,"name":"Shaded","section":"Shading Mode"},"sceneLighting":false,"audioPlay":false,"sceneViewState":{"showFog":true,"showMaterialUpdate":true,"showSkybox":true,"showFlares":true,"showImageEffects":true,"showParticleSystems":true},"in2DMode":false,"pivot":{"x":-21.303022384643556,"y":2.2681822776794435,"z":-84.73843383789063},"rotation":{"x":0.6305758357048035,"y":-0.09018594771623612,"z":0.07411590963602066,"w":0.7672988772392273},"size":6.037959098815918,"orthographic":false}