{"cameraMode":{"drawMode":0,"name":"Shaded","section":"Shading Mode"},"sceneLighting":true,"audioPlay":false,"sceneViewState":{"showFog":true,"showMaterialUpdate":true,"showSkybox":true,"showFlares":true,"showImageEffects":true,"showParticleSystems":true},"in2DMode":false,"pivot":{"x":110.41007995605469,"y":6.987992286682129,"z":86.96422576904297},"rotation":{"x":0.6844359040260315,"y":-0.008748047053813935,"z":0.008213674649596215,"w":0.7289742827415466},"size":93.5094985961914,"orthographic":true}