{"cameraMode":{"drawMode":0,"name":"Shaded","section":"Shading Mode"},"sceneLighting":false,"audioPlay":false,"sceneViewState":{"showFog":true,"showMaterialUpdate":true,"showSkybox":true,"showFlares":true,"showImageEffects":true,"showParticleSystems":true},"in2DMode":false,"pivot":{"x":-20.962177276611329,"y":2.309999942779541,"z":-84.5135269165039},"rotation":{"x":0.6218804121017456,"y":0.01996302790939808,"z":-0.015861356630921365,"w":0.7826969623565674},"size":6.037959098815918,"orthographic":false}