{"cameraMode":{"drawMode":0,"name":"Shaded","section":"Shading Mode"},"sceneLighting":false,"audioPlay":false,"sceneViewState":{"showFog":true,"showMaterialUpdate":false,"showSkybox":true,"showFlares":true,"showImageEffects":true,"showParticleSystems":true},"in2DMode":false,"pivot":{"x":2.858109474182129,"y":3.724414825439453,"z":-37.143253326416019},"rotation":{"x":0.4569900929927826,"y":-0.4980805516242981,"z":0.35138845443725588,"w":0.6477670073509216},"size":41.38941192626953,"orthographic":false}