{"cameraMode":{"drawMode":0,"name":"Shaded","section":"Shading Mode"},"sceneLighting":false,"audioPlay":false,"sceneViewState":{"showFog":true,"showMaterialUpdate":true,"showSkybox":true,"showFlares":true,"showImageEffects":true,"showParticleSystems":true},"in2DMode":false,"pivot":{"x":0.04799997806549072,"y":0.23785178363323213,"z":-0.309774786233902},"rotation":{"x":0.20606213808059693,"y":-0.741141676902771,"z":0.26208412647247317,"w":0.58271723985672},"size":0.7233948111534119,"orthographic":false}