{"cameraMode":{"drawMode":0,"name":"Shaded","section":"Shading Mode"},"sceneLighting":false,"audioPlay":false,"sceneViewState":{"showFog":true,"showMaterialUpdate":true,"showSkybox":true,"showFlares":true,"showImageEffects":true,"showParticleSystems":true},"in2DMode":false,"pivot":{"x":15.173267364501954,"y":5.935468673706055,"z":83.8246078491211},"rotation":{"x":-0.01286492869257927,"y":0.9344329833984375,"z":-0.35428547859191897,"w":-0.03393054008483887},"size":25.944732666015626,"orthographic":false}