{"cameraMode":{"drawMode":0,"name":"Shaded","section":"Shading Mode"},"sceneLighting":false,"audioPlay":false,"sceneViewState":{"showFog":true,"showMaterialUpdate":true,"showSkybox":true,"showFlares":true,"showImageEffects":true,"showParticleSystems":true},"in2DMode":false,"pivot":{"x":0.0,"y":1.8832728862762452,"z":-0.1802026927471161},"rotation":{"x":-0.002607939764857292,"y":0.8893241286277771,"z":-0.45724183320999148,"w":-0.005071792285889387},"size":6.776322364807129,"orthographic":false}