{"cameraMode":{"drawMode":0,"name":"Shaded","section":"Shading Mode"},"sceneLighting":false,"audioPlay":false,"sceneViewState":{"showFog":true,"showMaterialUpdate":true,"showSkybox":true,"showFlares":true,"showImageEffects":true,"showParticleSystems":true},"in2DMode":false,"pivot":{"x":-79.99999237060547,"y":13.046152114868164,"z":-100.00003051757813},"rotation":{"x":-0.029089443385601045,"y":0.9704689383506775,"z":-0.18351976573467256,"w":-0.15383219718933106},"size":1269.0526123046875,"orthographic":true}