{"cameraMode":{"drawMode":0,"name":"Shaded","section":"Shading Mode"},"sceneLighting":false,"audioPlay":false,"sceneViewState":{"showFog":true,"showMaterialUpdate":false,"showSkybox":true,"showFlares":true,"showImageEffects":true,"showParticleSystems":true},"in2DMode":false,"pivot":{"x":-4.245223522186279,"y":0.2746630609035492,"z":3.5406322479248049},"rotation":{"x":0.005830514710396528,"y":0.873998761177063,"z":-0.010488945059478283,"w":0.4857800006866455},"size":0.00005715516090276651,"orthographic":false}