{"cameraMode":{"drawMode":0,"name":"Shaded","section":"Shading Mode"},"sceneLighting":false,"audioPlay":false,"sceneViewState":{"showFog":true,"showMaterialUpdate":false,"showSkybox":true,"showFlares":true,"showImageEffects":true,"showParticleSystems":true},"in2DMode":false,"pivot":{"x":-10.982346534729004,"y":-13.744226455688477,"z":2.633505344390869},"rotation":{"x":-0.2419489473104477,"y":0.7209367156028748,"z":0.30395740270614626,"w":0.5738648772239685},"size":0.00005715767838410102,"orthographic":false}