{"cameraMode":{"drawMode":0,"name":"Shaded","section":"Shading Mode"},"sceneLighting":false,"audioPlay":false,"sceneViewState":{"showFog":true,"showMaterialUpdate":false,"showSkybox":true,"showFlares":true,"showImageEffects":true,"showParticleSystems":true},"in2DMode":false,"pivot":{"x":-6.787477493286133,"y":6.904678821563721,"z":31.319944381713868},"rotation":{"x":-0.10738170146942139,"y":-0.08638310432434082,"z":-0.009365184232592583,"w":0.9904137849807739},"size":40.010372161865237,"orthographic":false}