{"cameraMode":{"drawMode":0,"name":"Shaded","section":"Shading Mode"},"sceneLighting":false,"audioPlay":false,"sceneViewState":{"showFog":true,"showMaterialUpdate":false,"showSkybox":true,"showFlares":true,"showImageEffects":true,"showParticleSystems":true},"in2DMode":false,"pivot":{"x":-0.04727157950401306,"y":-0.09974126517772675,"z":0.21025171875953675},"rotation":{"x":0.14951632916927339,"y":0.1915043294429779,"z":-0.02953062206506729,"w":0.9695870280265808},"size":1.9827814102172852,"orthographic":false}