{"cameraMode":{"drawMode":0,"name":"Shaded","section":"Shading Mode"},"sceneLighting":false,"audioPlay":false,"sceneViewState":{"showFog":true,"showMaterialUpdate":false,"showSkybox":true,"showFlares":true,"showImageEffects":true,"showParticleSystems":true},"in2DMode":false,"pivot":{"x":-0.00005096425593364984,"y":0.00002982938167406246,"z":0.000014021152310306206},"rotation":{"x":-0.12776219844818116,"y":-0.11576233059167862,"z":-0.015016078017652035,"w":0.9849113821983337},"size":0.00005715767838410102,"orthographic":false}