{"cameraMode":{"drawMode":0,"name":"Shaded","section":"Shading Mode"},"sceneLighting":true,"audioPlay":false,"sceneViewState":{"showFog":true,"showMaterialUpdate":false,"showSkybox":true,"showFlares":true,"showImageEffects":true,"showParticleSystems":true},"in2DMode":false,"pivot":{"x":9.688756942749024,"y":6.367660045623779,"z":-2.8842592239379885},"rotation":{"x":-0.0168281402438879,"y":0.9802002906799316,"z":0.09556706994771958,"w":0.17260131239891053},"size":10.0,"orthographic":false}