{"cameraMode":{"drawMode":0,"name":"Shaded","section":"Shading Mode"},"sceneLighting":false,"audioPlay":false,"sceneViewState":{"showFog":true,"showMaterialUpdate":false,"showSkybox":true,"showFlares":true,"showImageEffects":true,"showParticleSystems":true},"in2DMode":false,"pivot":{"x":10.549419403076172,"y":-1.0858205556869507,"z":-33.2772216796875},"rotation":{"x":0.0034396357368677856,"y":0.9841371178627014,"z":-0.01919380947947502,"w":0.17633475363254548},"size":40.010372161865237,"orthographic":false}