{"cameraMode":{"drawMode":0,"name":"Shaded","section":"Shading Mode"},"sceneLighting":false,"audioPlay":false,"sceneViewState":{"showFog":true,"showMaterialUpdate":false,"showSkybox":true,"showFlares":true,"showImageEffects":true,"showParticleSystems":true},"in2DMode":false,"pivot":{"x":0.23337401449680329,"y":1.2968809604644776,"z":0.5100880265235901},"rotation":{"x":0.5454941391944885,"y":0.07893340289592743,"z":-0.05170317739248276,"w":0.8327859044075012},"size":15.221227645874024,"orthographic":false}