{"cameraMode":{"drawMode":0,"name":"Shaded","section":"Shading Mode"},"sceneLighting":false,"audioPlay":false,"sceneViewState":{"showFog":true,"showMaterialUpdate":false,"showSkybox":true,"showFlares":true,"showImageEffects":true,"showParticleSystems":true},"in2DMode":false,"pivot":{"x":13.187536239624024,"y":0.8326731324195862,"z":-4.982692241668701},"rotation":{"x":-0.0164372269064188,"y":0.8890383243560791,"z":0.032018743455410007,"w":0.45641589164733889},"size":20.196041107177736,"orthographic":false}