{"cameraMode":{"drawMode":0,"name":"Shaded","section":"Shading Mode"},"sceneLighting":true,"audioPlay":false,"sceneViewState":{"showFog":true,"showMaterialUpdate":true,"showSkybox":true,"showFlares":true,"showImageEffects":true,"showParticleSystems":true},"in2DMode":false,"pivot":{"x":33.16185760498047,"y":10.72355842590332,"z":-62.674556732177737},"rotation":{"x":-0.005847172811627388,"y":0.6262845396995544,"z":0.004696989431977272,"w":0.779558539390564},"size":0.47189265489578249,"orthographic":false}