{"cameraMode":{"drawMode":0,"name":"Shaded","section":"Shading Mode"},"sceneLighting":true,"audioPlay":false,"sceneViewState":{"showFog":true,"showMaterialUpdate":true,"showSkybox":true,"showFlares":true,"showImageEffects":true,"showParticleSystems":true},"in2DMode":false,"pivot":{"x":43.36296844482422,"y":6.730004787445068,"z":-102.56363677978516},"rotation":{"x":0.01941334828734398,"y":-0.30689895153045657,"z":0.006261435803025961,"w":0.95152348279953},"size":6.089322090148926,"orthographic":false}