{"cameraMode":{"drawMode":0,"name":"Shaded","section":"Shading Mode"},"sceneLighting":true,"audioPlay":false,"sceneViewState":{"showFog":true,"showMaterialUpdate":false,"showSkybox":true,"showFlares":true,"showImageEffects":true,"showParticleSystems":true},"in2DMode":false,"pivot":{"x":-102.17893981933594,"y":5.253054141998291,"z":-74.48500061035156},"rotation":{"x":0.03025839477777481,"y":0.820399820804596,"z":-0.0436057485640049,"w":0.5693216919898987},"size":12.850316047668457,"orthographic":true}