{"cameraMode":{"drawMode":0,"name":"Shaded","section":"Shading Mode"},"sceneLighting":true,"audioPlay":false,"sceneViewState":{"showFog":true,"showMaterialUpdate":false,"showSkybox":true,"showFlares":true,"showImageEffects":true,"showParticleSystems":true},"in2DMode":false,"pivot":{"x":184.29763793945313,"y":296.7646484375,"z":8.28887939453125},"rotation":{"x":-0.11823789030313492,"y":0.2738351821899414,"z":-0.033943161368370059,"w":-0.953877329826355},"size":155.15663146972657,"orthographic":false}