{"cameraMode":{"drawMode":0,"name":"Shaded","section":"Shading Mode"},"sceneLighting":true,"audioPlay":false,"sceneViewState":{"showFog":true,"showMaterialUpdate":true,"showSkybox":true,"showFlares":true,"showImageEffects":true,"showParticleSystems":true},"in2DMode":false,"pivot":{"x":38.88506317138672,"y":10.26884937286377,"z":-57.53712844848633},"rotation":{"x":0.04829948768019676,"y":0.15394893288612367,"z":-0.007537764962762594,"w":0.9868688583374023},"size":2.8718924522399904,"orthographic":false}