{"cameraMode":{"drawMode":0,"name":"Shaded","section":"Shading Mode"},"sceneLighting":false,"audioPlay":false,"sceneViewState":{"showFog":true,"showMaterialUpdate":false,"showSkybox":true,"showFlares":true,"showImageEffects":true,"showParticleSystems":true},"in2DMode":false,"pivot":{"x":-24.29871368408203,"y":18.935440063476564,"z":-133.47398376464845},"rotation":{"x":0.3166370689868927,"y":0.5204091668128967,"z":-0.21594257652759553,"w":0.7630754709243774},"size":22.0,"orthographic":false}