{"cameraMode":{"drawMode":0,"name":"Shaded","section":"Shading Mode"},"sceneLighting":true,"audioPlay":false,"sceneViewState":{"showFog":true,"showMaterialUpdate":true,"showSkybox":true,"showFlares":true,"showImageEffects":true,"showParticleSystems":true},"in2DMode":false,"pivot":{"x":35.87934112548828,"y":4.850559234619141,"z":-39.71353530883789},"rotation":{"x":0.1334567815065384,"y":-0.4269700348377228,"z":0.06387532502412796,"w":0.8920795321464539},"size":12.554511070251465,"orthographic":false}