{"cameraMode":{"drawMode":0,"name":"Shaded","section":"Shading Mode"},"sceneLighting":false,"audioPlay":false,"sceneViewState":{"showFog":true,"showMaterialUpdate":false,"showSkybox":true,"showFlares":true,"showImageEffects":true,"showParticleSystems":true},"in2DMode":false,"pivot":{"x":-2.835831880569458,"y":0.42595213651657107,"z":4.621290683746338},"rotation":{"x":0.011231710202991963,"y":0.8173121213912964,"z":-0.01593996025621891,"w":0.5758652687072754},"size":1.657883882522583,"orthographic":false}